,char1,char2,global_cluster1,global_cluster2,monologue_cluster1,monologue_cluster2,onelistener_cluster1,onelistener_cluster2,multilistener_cluster1,multilistener_cluster2,survey1,survey2,survey3,survey4,survey5,survey6,survey7,survey8,survey9,survey10,survey11,survey_mean_score,global_cluster_comparison,monologue_cluster_comparison,onelistener_cluster_comparison,multilistener_cluster_comparison,global_cluster_performance,monologue_cluster_performance,onelistener_cluster_performance,multilistener_cluster_performance
다림_8월의 크리스마스_정원_8월의 크리스마스,다림_8월의 크리스마스,정원_8월의 크리스마스,0.0,0.0,0.0,2.0,0.0,0.0,2.0,2.0,0.0,,,,0.0,,,1.0,,,1.0,0.5,1.0,0.0,1.0,1.0,0.6464466094067263,0.6464466094067263,0.6464466094067263,0.6464466094067263
다림_8월의 크리스마스_강은표_고지전,다림_8월의 크리스마스,강은표_고지전,0.0,0.0,0.0,2.0,0.0,3.0,2.0,2.0,1.0,,,,,,,,,1.0,,1.0,1.0,0.0,0.0,1.0,1.0,0.2928932188134524,0.2928932188134524,1.0
다림_8월의 크리스마스_김수혁_고지전,다림_8월의 크리스마스,김수혁_고지전,0.0,3.0,0.0,0.0,0.0,3.0,2.0,2.0,0.0,,,,,,,,,0.0,,0.0,0.0,1.0,0.0,1.0,1.0,0.2928932188134524,1.0,0.2928932188134524
다림_8월의 크리스마스_민재_남극일기,다림_8월의 크리스마스,민재_남극일기,0.0,2.0,0.0,1.0,0.0,0.0,2.0,2.0,,,,,0.0,,,,,,0.0,0.0,0.0,0.0,1.0,1.0,1.0,1.0,0.2928932188134524,0.2928932188134524
다림_8월의 크리스마스_도형_남극일기,다림_8월의 크리스마스,도형_남극일기,0.0,3.0,0.0,0.0,0.0,1.0,2.0,0.0,,,,,0.0,,,,,,0.0,0.0,0.0,1.0,0.0,0.0,1.0,0.2928932188134524,1.0,1.0
다림_8월의 크리스마스_화녀_다찌마와 Lee,다림_8월의 크리스마스,화녀_다찌마와 Lee,0.0,2.0,0.0,3.0,0.0,3.0,2.0,1.0,,,,,,,,0.0,,,,0.0,0.0,0.0,0.0,0.0,1.0,1.0,1.0,1.0
다림_8월의 크리스마스_충녀_다찌마와 Lee,다림_8월의 크리스마스,충녀_다찌마와 Lee,0.0,0.0,0.0,2.0,0.0,3.0,2.0,3.0,,,,,,,,1.0,,,,1.0,1.0,0.0,0.0,0.0,1.0,0.2928932188134524,0.2928932188134524,0.2928932188134524
다림_8월의 크리스마스_리_다찌마와 Lee,다림_8월의 크리스마스,리_다찌마와 Lee,0.0,0.0,0.0,2.0,0.0,3.0,2.0,2.0,,,,,,,,1.0,,,,1.0,1.0,0.0,0.0,1.0,1.0,0.2928932188134524,0.2928932188134524,1.0
다림_8월의 크리스마스_고건수_끝까지 간다,다림_8월의 크리스마스,고건수_끝까지 간다,0.0,0.0,0.0,0.0,0.0,0.0,2.0,2.0,1.0,,,,,,,,,1.0,,1.0,1.0,1.0,1.0,1.0,1.0,1.0,1.0,1.0
다림_8월의 크리스마스_박창민_끝까지 간다,다림_8월의 크리스마스,박창민_끝까지 간다,0.0,0.0,0.0,2.0,0.0,0.0,2.0,1.0,0.0,,,,,,,,,1.0,,0.5,1.0,0.0,1.0,0.0,0.6464466094067263,0.6464466094067263,0.6464466094067263,0.6464466094067263
다림_8월의 크리스마스_대수_올드보이,다림_8월의 크리스마스,대수_올드보이,0.0,2.0,0.0,1.0,0.0,3.0,2.0,2.0,0.0,,,,,,,,,0.0,,0.0,0.0,0.0,0.0,1.0,1.0,1.0,1.0,0.2928932188134524
다림_8월의 크리스마스_미도_올드보이,다림_8월의 크리스마스,미도_올드보이,0.0,0.0,0.0,2.0,0.0,0.0,2.0,1.0,1.0,,,,,,,,,1.0,,1.0,1.0,0.0,1.0,0.0,1.0,0.2928932188134524,1.0,0.2928932188134524
다림_8월의 크리스마스_우진_올드보이,다림_8월의 크리스마스,우진_올드보이,0.0,0.0,0.0,2.0,0.0,0.0,2.0,1.0,0.0,,,,,,,,,1.0,,0.5,1.0,0.0,1.0,0.0,0.6464466094067263,0.6464466094067263,0.6464466094067263,0.6464466094067263
다림_8월의 크리스마스_철수_내 머리 속의 지우개,다림_8월의 크리스마스,철수_내 머리 속의 지우개,0.0,0.0,0.0,2.0,0.0,0.0,2.0,2.0,1.0,,,,0.0,,,0.0,,,1.0,0.5,1.0,0.0,1.0,1.0,0.6464466094067263,0.6464466094067263,0.6464466094067263,0.6464466094067263
다림_8월의 크리스마스_수진_내 머리 속의 지우개,다림_8월의 크리스마스,수진_내 머리 속의 지우개,0.0,0.0,0.0,2.0,0.0,0.0,2.0,2.0,0.0,,,,0.0,,,1.0,,,1.0,0.5,1.0,0.0,1.0,1.0,0.6464466094067263,0.6464466094067263,0.6464466094067263,0.6464466094067263
다림_8월의 크리스마스_주석_가족,다림_8월의 크리스마스,주석_가족,0.0,0.0,0.0,2.0,0.0,0.0,2.0,2.0,,,,,0.0,,,,,,1.0,0.5,1.0,0.0,1.0,1.0,0.6464466094067263,0.6464466094067263,0.6464466094067263,0.6464466094067263
다림_8월의 크리스마스_정환_가족,다림_8월의 크리스마스,정환_가족,0.0,3.0,0.0,0.0,0.0,1.0,2.0,0.0,,,,,0.0,,,,,,0.0,0.0,0.0,1.0,0.0,0.0,1.0,0.2928932188134524,1.0,1.0
다림_8월의 크리스마스_정은_가족,다림_8월의 크리스마스,정은_가족,0.0,0.0,0.0,0.0,0.0,0.0,2.0,2.0,,,,,0.0,,,,,,1.0,0.5,1.0,1.0,1.0,1.0,0.6464466094067263,0.6464466094067263,0.6464466094067263,0.6464466094067263
다림_8월의 크리스마스_나난_싱글즈,다림_8월의 크리스마스,나난_싱글즈,0.0,2.0,0.0,1.0,0.0,1.0,2.0,2.0,,,,,1.0,,,,,,0.0,0.5,0.0,0.0,0.0,1.0,0.6464466094067263,0.6464466094067263,0.6464466094067263,0.6464466094067263
다림_8월의 크리스마스_동미_싱글즈,다림_8월의 크리스마스,동미_싱글즈,0.0,0.0,0.0,2.0,0.0,3.0,2.0,2.0,,,,,0.0,,,,,,1.0,0.5,1.0,0.0,0.0,1.0,0.6464466094067263,0.6464466094067263,0.6464466094067263,0.6464466094067263
다림_8월의 크리스마스_정준_싱글즈,다림_8월의 크리스마스,정준_싱글즈,0.0,3.0,0.0,2.0,0.0,1.0,2.0,0.0,,,,,0.0,,,,,,0.0,0.0,0.0,0.0,0.0,0.0,1.0,1.0,1.0,1.0
다림_8월의 크리스마스_수헌_싱글즈,다림_8월의 크리스마스,수헌_싱글즈,0.0,0.0,0.0,3.0,0.0,0.0,2.0,1.0,,,,,0.0,,,,,,1.0,0.5,1.0,0.0,1.0,0.0,0.6464466094067263,0.6464466094067263,0.6464466094067263,0.6464466094067263
정원_8월의 크리스마스_강은표_고지전,정원_8월의 크리스마스,강은표_고지전,0.0,0.0,2.0,2.0,0.0,3.0,2.0,2.0,0.0,,,,,,,,,1.0,,0.5,1.0,1.0,0.0,1.0,0.6464466094067263,0.6464466094067263,0.6464466094067263,0.6464466094067263
정원_8월의 크리스마스_김수혁_고지전,정원_8월의 크리스마스,김수혁_고지전,0.0,3.0,2.0,0.0,0.0,3.0,2.0,2.0,1.0,,,,,,,,,0.0,,0.5,0.0,0.0,0.0,1.0,0.6464466094067263,0.6464466094067263,0.6464466094067263,0.6464466094067263
정원_8월의 크리스마스_민재_남극일기,정원_8월의 크리스마스,민재_남극일기,0.0,2.0,2.0,1.0,0.0,0.0,2.0,2.0,,,,,0.0,,,,,,0.0,0.0,0.0,0.0,1.0,1.0,1.0,1.0,0.2928932188134524,0.2928932188134524
정원_8월의 크리스마스_도형_남극일기,정원_8월의 크리스마스,도형_남극일기,0.0,3.0,2.0,0.0,0.0,1.0,2.0,0.0,,,,,0.0,,,,,,0.0,0.0,0.0,0.0,0.0,0.0,1.0,1.0,1.0,1.0
정원_8월의 크리스마스_화녀_다찌마와 Lee,정원_8월의 크리스마스,화녀_다찌마와 Lee,0.0,2.0,2.0,3.0,0.0,3.0,2.0,1.0,,,,,,,,1.0,,,,1.0,0.0,0.0,0.0,0.0,0.2928932188134524,0.2928932188134524,0.2928932188134524,0.2928932188134524
정원_8월의 크리스마스_충녀_다찌마와 Lee,정원_8월의 크리스마스,충녀_다찌마와 Lee,0.0,0.0,2.0,2.0,0.0,3.0,2.0,3.0,,,,,,,,0.0,,,,0.0,1.0,1.0,0.0,0.0,0.2928932188134524,0.2928932188134524,1.0,1.0
정원_8월의 크리스마스_리_다찌마와 Lee,정원_8월의 크리스마스,리_다찌마와 Lee,0.0,0.0,2.0,2.0,0.0,3.0,2.0,2.0,,,,,,,,0.0,,,,0.0,1.0,1.0,0.0,1.0,0.2928932188134524,0.2928932188134524,1.0,0.2928932188134524
정원_8월의 크리스마스_고건수_끝까지 간다,정원_8월의 크리스마스,고건수_끝까지 간다,0.0,0.0,2.0,0.0,0.0,0.0,2.0,2.0,0.0,,,,,,,,,1.0,,0.5,1.0,0.0,1.0,1.0,0.6464466094067263,0.6464466094067263,0.6464466094067263,0.6464466094067263
정원_8월의 크리스마스_박창민_끝까지 간다,정원_8월의 크리스마스,박창민_끝까지 간다,0.0,0.0,2.0,2.0,0.0,0.0,2.0,1.0,1.0,,,,,,,,,1.0,,1.0,1.0,1.0,1.0,0.0,1.0,1.0,1.0,0.2928932188134524
정원_8월의 크리스마스_대수_올드보이,정원_8월의 크리스마스,대수_올드보이,0.0,2.0,2.0,1.0,0.0,3.0,2.0,2.0,0.0,,,,,,,,,0.0,,0.0,0.0,0.0,0.0,1.0,1.0,1.0,1.0,0.2928932188134524
정원_8월의 크리스마스_미도_올드보이,정원_8월의 크리스마스,미도_올드보이,0.0,0.0,2.0,2.0,0.0,0.0,2.0,1.0,1.0,,,,,,,,,1.0,,1.0,1.0,1.0,1.0,0.0,1.0,1.0,1.0,0.2928932188134524
정원_8월의 크리스마스_우진_올드보이,정원_8월의 크리스마스,우진_올드보이,0.0,0.0,2.0,2.0,0.0,0.0,2.0,1.0,1.0,,,,,,,,,1.0,,1.0,1.0,1.0,1.0,0.0,1.0,1.0,1.0,0.2928932188134524
정원_8월의 크리스마스_철수_내 머리 속의 지우개,정원_8월의 크리스마스,철수_내 머리 속의 지우개,0.0,0.0,2.0,2.0,0.0,0.0,2.0,2.0,0.0,,,,1.0,,,1.0,,,1.0,0.75,1.0,1.0,1.0,1.0,0.8232233047033631,0.8232233047033631,0.8232233047033631,0.8232233047033631
정원_8월의 크리스마스_수진_내 머리 속의 지우개,정원_8월의 크리스마스,수진_내 머리 속의 지우개,0.0,0.0,2.0,2.0,0.0,0.0,2.0,2.0,1.0,,,,0.0,,,1.0,,,1.0,0.75,1.0,1.0,1.0,1.0,0.8232233047033631,0.8232233047033631,0.8232233047033631,0.8232233047033631
정원_8월의 크리스마스_주석_가족,정원_8월의 크리스마스,주석_가족,0.0,0.0,2.0,2.0,0.0,0.0,2.0,2.0,,,,,0.0,,,,,,1.0,0.5,1.0,1.0,1.0,1.0,0.6464466094067263,0.6464466094067263,0.6464466094067263,0.6464466094067263
정원_8월의 크리스마스_정환_가족,정원_8월의 크리스마스,정환_가족,0.0,3.0,2.0,0.0,0.0,1.0,2.0,0.0,,,,,0.0,,,,,,0.0,0.0,0.0,0.0,0.0,0.0,1.0,1.0,1.0,1.0
정원_8월의 크리스마스_정은_가족,정원_8월의 크리스마스,정은_가족,0.0,0.0,2.0,0.0,0.0,0.0,2.0,2.0,,,,,0.0,,,,,,1.0,0.5,1.0,0.0,1.0,1.0,0.6464466094067263,0.6464466094067263,0.6464466094067263,0.6464466094067263
정원_8월의 크리스마스_나난_싱글즈,정원_8월의 크리스마스,나난_싱글즈,0.0,2.0,2.0,1.0,0.0,1.0,2.0,2.0,,,,,0.0,,,,,,0.0,0.0,0.0,0.0,0.0,1.0,1.0,1.0,1.0,0.2928932188134524
정원_8월의 크리스마스_동미_싱글즈,정원_8월의 크리스마스,동미_싱글즈,0.0,0.0,2.0,2.0,0.0,3.0,2.0,2.0,,,,,0.0,,,,,,1.0,0.5,1.0,1.0,0.0,1.0,0.6464466094067263,0.6464466094067263,0.6464466094067263,0.6464466094067263
정원_8월의 크리스마스_정준_싱글즈,정원_8월의 크리스마스,정준_싱글즈,0.0,3.0,2.0,2.0,0.0,1.0,2.0,0.0,,,,,0.0,,,,,,0.0,0.0,0.0,1.0,0.0,0.0,1.0,0.2928932188134524,1.0,1.0
정원_8월의 크리스마스_수헌_싱글즈,정원_8월의 크리스마스,수헌_싱글즈,0.0,0.0,2.0,3.0,0.0,0.0,2.0,1.0,,,,,0.0,,,,,,1.0,0.5,1.0,0.0,1.0,0.0,0.6464466094067263,0.6464466094067263,0.6464466094067263,0.6464466094067263
강은표_고지전_김수혁_고지전,강은표_고지전,김수혁_고지전,0.0,3.0,2.0,0.0,3.0,3.0,2.0,2.0,0.0,,,0.0,,1.0,,,,,,0.3333333333333333,0.0,0.0,1.0,1.0,0.7642977396044841,0.7642977396044841,0.5285954792089682,0.5285954792089682
강은표_고지전_희봉_괴물,강은표_고지전,희봉_괴물,0.0,1.0,2.0,0.0,3.0,2.0,2.0,0.0,,,,1.0,,0.0,,,,,,0.5,0.0,0.0,0.0,0.0,0.6464466094067263,0.6464466094067263,0.6464466094067263,0.6464466094067263
강은표_고지전_강두_괴물,강은표_고지전,강두_괴물,0.0,3.0,2.0,0.0,3.0,1.0,2.0,0.0,,,,0.0,,1.0,,,,,,0.5,0.0,0.0,0.0,0.0,0.6464466094067263,0.6464466094067263,0.6464466094067263,0.6464466094067263
강은표_고지전_현서_괴물,강은표_고지전,현서_괴물,0.0,0.0,2.0,0.0,3.0,0.0,2.0,1.0,,,,0.0,,0.0,,,,,,0.0,1.0,0.0,0.0,0.0,0.2928932188134524,1.0,1.0,1.0
강은표_고지전_남일_괴물,강은표_고지전,남일_괴물,0.0,3.0,2.0,0.0,3.0,1.0,2.0,0.0,,,,0.0,,0.0,,,,,,0.0,0.0,0.0,0.0,0.0,1.0,1.0,1.0,1.0
강은표_고지전_남주_괴물,강은표_고지전,남주_괴물,0.0,3.0,2.0,2.0,3.0,1.0,2.0,0.0,,,,1.0,,0.0,,,,,,0.5,0.0,1.0,0.0,0.0,0.6464466094067263,0.6464466094067263,0.6464466094067263,0.6464466094067263
강은표_고지전_고건수_끝까지 간다,강은표_고지전,고건수_끝까지 간다,0.0,0.0,2.0,0.0,3.0,0.0,2.0,2.0,1.0,,,0.0,,0.0,,,,,,0.3333333333333333,1.0,0.0,0.0,1.0,0.5285954792089682,0.7642977396044841,0.7642977396044841,0.5285954792089682
강은표_고지전_박창민_끝까지 간다,강은표_고지전,박창민_끝까지 간다,0.0,0.0,2.0,2.0,3.0,0.0,2.0,1.0,1.0,,,0.0,,0.0,,,,,,0.3333333333333333,1.0,1.0,0.0,0.0,0.5285954792089682,0.5285954792089682,0.7642977396044841,0.7642977396044841
강은표_고지전_대수_올드보이,강은표_고지전,대수_올드보이,0.0,2.0,2.0,1.0,3.0,3.0,2.0,2.0,1.0,,,0.0,,0.0,,,,,,0.3333333333333333,0.0,0.0,1.0,1.0,0.7642977396044841,0.7642977396044841,0.5285954792089682,0.5285954792089682
강은표_고지전_미도_올드보이,강은표_고지전,미도_올드보이,0.0,0.0,2.0,2.0,3.0,0.0,2.0,1.0,0.0,,,0.0,,0.0,,,,,,0.0,1.0,1.0,0.0,0.0,0.2928932188134524,0.2928932188134524,1.0,1.0
강은표_고지전_우진_올드보이,강은표_고지전,우진_올드보이,0.0,0.0,2.0,2.0,3.0,0.0,2.0,1.0,0.0,,,0.0,,0.0,,,,,,0.0,1.0,1.0,0.0,0.0,0.2928932188134524,0.2928932188134524,1.0,1.0
강은표_고지전_철수_내 머리 속의 지우개,강은표_고지전,철수_내 머리 속의 지우개,0.0,0.0,2.0,2.0,3.0,0.0,2.0,2.0,1.0,,,,,,,,,1.0,,1.0,1.0,1.0,0.0,1.0,1.0,1.0,0.2928932188134524,1.0
강은표_고지전_수진_내 머리 속의 지우개,강은표_고지전,수진_내 머리 속의 지우개,0.0,0.0,2.0,2.0,3.0,0.0,2.0,2.0,0.0,,,,,,,,,1.0,,0.5,1.0,1.0,0.0,1.0,0.6464466094067263,0.6464466094067263,0.6464466094067263,0.6464466094067263
김수혁_고지전_희봉_괴물,김수혁_고지전,희봉_괴물,3.0,1.0,0.0,0.0,3.0,2.0,2.0,0.0,,,,0.0,,0.0,,,,,,0.0,0.0,1.0,0.0,0.0,1.0,0.2928932188134524,1.0,1.0
김수혁_고지전_강두_괴물,김수혁_고지전,강두_괴물,3.0,3.0,0.0,0.0,3.0,1.0,2.0,0.0,,,,1.0,,0.0,,,,,,0.5,1.0,1.0,0.0,0.0,0.6464466094067263,0.6464466094067263,0.6464466094067263,0.6464466094067263
김수혁_고지전_현서_괴물,김수혁_고지전,현서_괴물,3.0,0.0,0.0,0.0,3.0,0.0,2.0,1.0,,,,0.0,,0.0,,,,,,0.0,0.0,1.0,0.0,0.0,1.0,0.2928932188134524,1.0,1.0
김수혁_고지전_남일_괴물,김수혁_고지전,남일_괴물,3.0,3.0,0.0,0.0,3.0,1.0,2.0,0.0,,,,1.0,,1.0,,,,,,1.0,1.0,1.0,0.0,0.0,1.0,1.0,0.2928932188134524,0.2928932188134524
김수혁_고지전_남주_괴물,김수혁_고지전,남주_괴물,3.0,3.0,0.0,2.0,3.0,1.0,2.0,0.0,,,,0.0,,1.0,,,,,,0.5,1.0,0.0,0.0,0.0,0.6464466094067263,0.6464466094067263,0.6464466094067263,0.6464466094067263
김수혁_고지전_고건수_끝까지 간다,김수혁_고지전,고건수_끝까지 간다,3.0,0.0,0.0,0.0,3.0,0.0,2.0,2.0,0.0,,,1.0,,0.0,,,,,,0.3333333333333333,0.0,1.0,0.0,1.0,0.7642977396044841,0.5285954792089682,0.7642977396044841,0.5285954792089682
김수혁_고지전_박창민_끝까지 간다,김수혁_고지전,박창민_끝까지 간다,3.0,0.0,0.0,2.0,3.0,0.0,2.0,1.0,1.0,,,0.0,,0.0,,,,,,0.3333333333333333,0.0,0.0,0.0,0.0,0.7642977396044841,0.7642977396044841,0.7642977396044841,0.7642977396044841
김수혁_고지전_대수_올드보이,김수혁_고지전,대수_올드보이,3.0,2.0,0.0,1.0,3.0,3.0,2.0,2.0,0.0,,,0.0,,0.0,,,,,,0.0,0.0,0.0,1.0,1.0,1.0,1.0,0.2928932188134524,0.2928932188134524
김수혁_고지전_미도_올드보이,김수혁_고지전,미도_올드보이,3.0,0.0,0.0,2.0,3.0,0.0,2.0,1.0,1.0,,,0.0,,0.0,,,,,,0.3333333333333333,0.0,0.0,0.0,0.0,0.7642977396044841,0.7642977396044841,0.7642977396044841,0.7642977396044841
김수혁_고지전_우진_올드보이,김수혁_고지전,우진_올드보이,3.0,0.0,0.0,2.0,3.0,0.0,2.0,1.0,1.0,,,0.0,,0.0,,,,,,0.3333333333333333,0.0,0.0,0.0,0.0,0.7642977396044841,0.7642977396044841,0.7642977396044841,0.7642977396044841
김수혁_고지전_철수_내 머리 속의 지우개,김수혁_고지전,철수_내 머리 속의 지우개,3.0,0.0,0.0,2.0,3.0,0.0,2.0,2.0,0.0,,,,,,,,,0.0,,0.0,0.0,0.0,0.0,1.0,1.0,1.0,1.0,0.2928932188134524
김수혁_고지전_수진_내 머리 속의 지우개,김수혁_고지전,수진_내 머리 속의 지우개,3.0,0.0,0.0,2.0,3.0,0.0,2.0,2.0,1.0,,,,,,,,,0.0,,0.5,0.0,0.0,0.0,1.0,0.6464466094067263,0.6464466094067263,0.6464466094067263,0.6464466094067263
희봉_괴물_강두_괴물,희봉_괴물,강두_괴물,1.0,3.0,0.0,0.0,2.0,1.0,0.0,0.0,,1.0,1.0,0.0,,1.0,,,,,,0.75,0.0,1.0,0.0,1.0,0.4696699141100894,0.8232233047033631,0.4696699141100894,0.8232233047033631
희봉_괴물_현서_괴물,희봉_괴물,현서_괴물,1.0,0.0,0.0,0.0,2.0,0.0,0.0,1.0,,0.0,1.0,1.0,,0.0,,,,,,0.5,0.0,1.0,0.0,0.0,0.6464466094067263,0.6464466094067263,0.6464466094067263,0.6464466094067263
희봉_괴물_민재_남극일기,희봉_괴물,민재_남극일기,1.0,2.0,0.0,1.0,2.0,0.0,0.0,2.0,,,0.0,,,,,,,,,0.0,0.0,0.0,0.0,0.0,1.0,1.0,1.0,1.0
희봉_괴물_도형_남극일기,희봉_괴물,도형_남극일기,1.0,3.0,0.0,0.0,2.0,1.0,0.0,0.0,,,0.0,,,,,,,,,0.0,0.0,1.0,0.0,1.0,1.0,0.2928932188134524,1.0,0.2928932188134524
희봉_괴물_남일_괴물,희봉_괴물,남일_괴물,1.0,3.0,0.0,0.0,2.0,1.0,0.0,0.0,,1.0,1.0,0.0,,1.0,,,,,,0.75,0.0,1.0,0.0,1.0,0.4696699141100894,0.8232233047033631,0.4696699141100894,0.8232233047033631
희봉_괴물_남주_괴물,희봉_괴물,남주_괴물,1.0,3.0,0.0,2.0,2.0,1.0,0.0,0.0,,1.0,0.0,0.0,,1.0,,,,,,0.5,0.0,0.0,0.0,1.0,0.6464466094067263,0.6464466094067263,0.6464466094067263,0.6464466094067263
희봉_괴물_고건수_끝까지 간다,희봉_괴물,고건수_끝까지 간다,1.0,0.0,0.0,0.0,2.0,0.0,0.0,2.0,,,,0.0,,0.0,,,,,,0.0,0.0,1.0,0.0,0.0,1.0,0.2928932188134524,1.0,1.0
희봉_괴물_박창민_끝까지 간다,희봉_괴물,박창민_끝까지 간다,1.0,0.0,0.0,2.0,2.0,0.0,0.0,1.0,,,,0.0,,0.0,,,,,,0.0,0.0,0.0,0.0,0.0,1.0,1.0,1.0,1.0
희봉_괴물_대수_올드보이,희봉_괴물,대수_올드보이,1.0,2.0,0.0,1.0,2.0,3.0,0.0,2.0,,0.0,,0.0,,0.0,,,,,,0.0,0.0,0.0,0.0,0.0,1.0,1.0,1.0,1.0
희봉_괴물_미도_올드보이,희봉_괴물,미도_올드보이,1.0,0.0,0.0,2.0,2.0,0.0,0.0,1.0,,1.0,,0.0,,0.0,,,,,,0.3333333333333333,0.0,0.0,0.0,0.0,0.7642977396044841,0.7642977396044841,0.7642977396044841,0.7642977396044841
희봉_괴물_우진_올드보이,희봉_괴물,우진_올드보이,1.0,0.0,0.0,2.0,2.0,0.0,0.0,1.0,,0.0,,0.0,,0.0,,,,,,0.0,0.0,0.0,0.0,0.0,1.0,1.0,1.0,1.0
희봉_괴물_주석_가족,희봉_괴물,주석_가족,1.0,0.0,0.0,2.0,2.0,0.0,0.0,2.0,,1.0,1.0,,,,,,,,,1.0,0.0,0.0,0.0,0.0,0.2928932188134524,0.2928932188134524,0.2928932188134524,0.2928932188134524
희봉_괴물_정환_가족,희봉_괴물,정환_가족,1.0,3.0,0.0,0.0,2.0,1.0,0.0,0.0,,0.0,1.0,,,,,,,,,0.5,0.0,1.0,0.0,1.0,0.6464466094067263,0.6464466094067263,0.6464466094067263,0.6464466094067263
희봉_괴물_정은_가족,희봉_괴물,정은_가족,1.0,0.0,0.0,0.0,2.0,0.0,0.0,2.0,,1.0,1.0,,,,,,,,,1.0,0.0,1.0,0.0,0.0,0.2928932188134524,1.0,0.2928932188134524,0.2928932188134524
희봉_괴물_나난_싱글즈,희봉_괴물,나난_싱글즈,1.0,2.0,0.0,1.0,2.0,1.0,0.0,2.0,,,1.0,,,,,,,,,1.0,0.0,0.0,0.0,0.0,0.2928932188134524,0.2928932188134524,0.2928932188134524,0.2928932188134524
희봉_괴물_동미_싱글즈,희봉_괴물,동미_싱글즈,1.0,0.0,0.0,2.0,2.0,3.0,0.0,2.0,,,1.0,,,,,,,,,1.0,0.0,0.0,0.0,0.0,0.2928932188134524,0.2928932188134524,0.2928932188134524,0.2928932188134524
희봉_괴물_정준_싱글즈,희봉_괴물,정준_싱글즈,1.0,3.0,0.0,2.0,2.0,1.0,0.0,0.0,,,0.0,,,,,,,,,0.0,0.0,0.0,0.0,1.0,1.0,1.0,1.0,0.2928932188134524
희봉_괴물_수헌_싱글즈,희봉_괴물,수헌_싱글즈,1.0,0.0,0.0,3.0,2.0,0.0,0.0,1.0,,,1.0,,,,,,,,,1.0,0.0,0.0,0.0,0.0,0.2928932188134524,0.2928932188134524,0.2928932188134524,0.2928932188134524
강두_괴물_현서_괴물,강두_괴물,현서_괴물,3.0,0.0,0.0,0.0,1.0,0.0,0.0,1.0,,1.0,0.0,0.0,,0.0,,,,,,0.25,0.0,1.0,0.0,0.0,0.8232233047033631,0.4696699141100894,0.8232233047033631,0.8232233047033631
강두_괴물_민재_남극일기,강두_괴물,민재_남극일기,3.0,2.0,0.0,1.0,1.0,0.0,0.0,2.0,,,1.0,,,,,,,,,1.0,0.0,0.0,0.0,0.0,0.2928932188134524,0.2928932188134524,0.2928932188134524,0.2928932188134524
강두_괴물_도형_남극일기,강두_괴물,도형_남극일기,3.0,3.0,0.0,0.0,1.0,1.0,0.0,0.0,,,0.0,,,,,,,,,0.0,1.0,1.0,1.0,1.0,0.2928932188134524,0.2928932188134524,0.2928932188134524,0.2928932188134524
강두_괴물_남일_괴물,강두_괴물,남일_괴물,3.0,3.0,0.0,0.0,1.0,1.0,0.0,0.0,,1.0,0.0,1.0,,1.0,,,,,,0.75,1.0,1.0,1.0,1.0,0.8232233047033631,0.8232233047033631,0.8232233047033631,0.8232233047033631
강두_괴물_남주_괴물,강두_괴물,남주_괴물,3.0,3.0,0.0,2.0,1.0,1.0,0.0,0.0,,1.0,1.0,0.0,,1.0,,,,,,0.75,1.0,0.0,1.0,1.0,0.8232233047033631,0.4696699141100894,0.8232233047033631,0.8232233047033631
강두_괴물_고건수_끝까지 간다,강두_괴물,고건수_끝까지 간다,3.0,0.0,0.0,0.0,1.0,0.0,0.0,2.0,,,,1.0,,1.0,,,,,,1.0,0.0,1.0,0.0,0.0,0.2928932188134524,1.0,0.2928932188134524,0.2928932188134524
강두_괴물_박창민_끝까지 간다,강두_괴물,박창민_끝까지 간다,3.0,0.0,0.0,2.0,1.0,0.0,0.0,1.0,,,,1.0,,0.0,,,,,,0.5,0.0,0.0,0.0,0.0,0.6464466094067263,0.6464466094067263,0.6464466094067263,0.6464466094067263
강두_괴물_대수_올드보이,강두_괴물,대수_올드보이,3.0,2.0,0.0,1.0,1.0,3.0,0.0,2.0,,1.0,,1.0,,1.0,,,,,,1.0,0.0,0.0,0.0,0.0,0.2928932188134524,0.2928932188134524,0.2928932188134524,0.2928932188134524
강두_괴물_미도_올드보이,강두_괴물,미도_올드보이,3.0,0.0,0.0,2.0,1.0,0.0,0.0,1.0,,0.0,,0.0,,0.0,,,,,,0.0,0.0,0.0,0.0,0.0,1.0,1.0,1.0,1.0
강두_괴물_우진_올드보이,강두_괴물,우진_올드보이,3.0,0.0,0.0,2.0,1.0,0.0,0.0,1.0,,0.0,,0.0,,0.0,,,,,,0.0,0.0,0.0,0.0,0.0,1.0,1.0,1.0,1.0
강두_괴물_주석_가족,강두_괴물,주석_가족,3.0,0.0,0.0,2.0,1.0,0.0,0.0,2.0,,0.0,1.0,,,,,,,,,0.5,0.0,0.0,0.0,0.0,0.6464466094067263,0.6464466094067263,0.6464466094067263,0.6464466094067263
강두_괴물_정환_가족,강두_괴물,정환_가족,3.0,3.0,0.0,0.0,1.0,1.0,0.0,0.0,,0.0,1.0,,,,,,,,,0.5,1.0,1.0,1.0,1.0,0.6464466094067263,0.6464466094067263,0.6464466094067263,0.6464466094067263
강두_괴물_정은_가족,강두_괴물,정은_가족,3.0,0.0,0.0,0.0,1.0,0.0,0.0,2.0,,1.0,0.0,,,,,,,,,0.5,0.0,1.0,0.0,0.0,0.6464466094067263,0.6464466094067263,0.6464466094067263,0.6464466094067263
강두_괴물_나난_싱글즈,강두_괴물,나난_싱글즈,3.0,2.0,0.0,1.0,1.0,1.0,0.0,2.0,,,0.0,,,,,,,,,0.0,0.0,0.0,1.0,0.0,1.0,1.0,0.2928932188134524,1.0
강두_괴물_동미_싱글즈,강두_괴물,동미_싱글즈,3.0,0.0,0.0,2.0,1.0,3.0,0.0,2.0,,,0.0,,,,,,,,,0.0,0.0,0.0,0.0,0.0,1.0,1.0,1.0,1.0
강두_괴물_정준_싱글즈,강두_괴물,정준_싱글즈,3.0,3.0,0.0,2.0,1.0,1.0,0.0,0.0,,,0.0,,,,,,,,,0.0,1.0,0.0,1.0,1.0,0.2928932188134524,1.0,0.2928932188134524,0.2928932188134524
강두_괴물_수헌_싱글즈,강두_괴물,수헌_싱글즈,3.0,0.0,0.0,3.0,1.0,0.0,0.0,1.0,,,0.0,,,,,,,,,0.0,0.0,0.0,0.0,0.0,1.0,1.0,1.0,1.0
현서_괴물_민재_남극일기,현서_괴물,민재_남극일기,0.0,2.0,0.0,1.0,0.0,0.0,1.0,2.0,,,1.0,,,,,,,,,1.0,0.0,0.0,1.0,0.0,0.2928932188134524,0.2928932188134524,1.0,0.2928932188134524
현서_괴물_도형_남극일기,현서_괴물,도형_남극일기,0.0,3.0,0.0,0.0,0.0,1.0,1.0,0.0,,,0.0,,,,,,,,,0.0,0.0,1.0,0.0,0.0,1.0,0.2928932188134524,1.0,1.0
현서_괴물_남일_괴물,현서_괴물,남일_괴물,0.0,3.0,0.0,0.0,0.0,1.0,1.0,0.0,,0.0,1.0,0.0,,0.0,,,,,,0.25,0.0,1.0,0.0,0.0,0.8232233047033631,0.4696699141100894,0.8232233047033631,0.8232233047033631
현서_괴물_남주_괴물,현서_괴물,남주_괴물,0.0,3.0,0.0,2.0,0.0,1.0,1.0,0.0,,1.0,0.0,1.0,,0.0,,,,,,0.5,0.0,0.0,0.0,0.0,0.6464466094067263,0.6464466094067263,0.6464466094067263,0.6464466094067263
현서_괴물_고건수_끝까지 간다,현서_괴물,고건수_끝까지 간다,0.0,0.0,0.0,0.0,0.0,0.0,1.0,2.0,,,,0.0,,0.0,,,,,,0.0,1.0,1.0,1.0,0.0,0.2928932188134524,0.2928932188134524,0.2928932188134524,1.0
현서_괴물_박창민_끝까지 간다,현서_괴물,박창민_끝까지 간다,0.0,0.0,0.0,2.0,0.0,0.0,1.0,1.0,,,,0.0,,0.0,,,,,,0.0,1.0,0.0,1.0,1.0,0.2928932188134524,1.0,0.2928932188134524,0.2928932188134524
현서_괴물_대수_올드보이,현서_괴물,대수_올드보이,0.0,2.0,0.0,1.0,0.0,3.0,1.0,2.0,,0.0,,0.0,,0.0,,,,,,0.0,0.0,0.0,0.0,0.0,1.0,1.0,1.0,1.0
현서_괴물_미도_올드보이,현서_괴물,미도_올드보이,0.0,0.0,0.0,2.0,0.0,0.0,1.0,1.0,,1.0,,1.0,,0.0,,,,,,0.6666666666666666,1.0,0.0,1.0,1.0,0.7642977396044841,0.5285954792089683,0.7642977396044841,0.7642977396044841
현서_괴물_우진_올드보이,현서_괴물,우진_올드보이,0.0,0.0,0.0,2.0,0.0,0.0,1.0,1.0,,0.0,,0.0,,0.0,,,,,,0.0,1.0,0.0,1.0,1.0,0.2928932188134524,1.0,0.2928932188134524,0.2928932188134524
현서_괴물_주석_가족,현서_괴물,주석_가족,0.0,0.0,0.0,2.0,0.0,0.0,1.0,2.0,,0.0,0.0,,,,,,,,,0.0,1.0,0.0,1.0,0.0,0.2928932188134524,1.0,0.2928932188134524,1.0
현서_괴물_정환_가족,현서_괴물,정환_가족,0.0,3.0,0.0,0.0,0.0,1.0,1.0,0.0,,1.0,0.0,,,,,,,,,0.5,0.0,1.0,0.0,0.0,0.6464466094067263,0.6464466094067263,0.6464466094067263,0.6464466094067263
현서_괴물_정은_가족,현서_괴물,정은_가족,0.0,0.0,0.0,0.0,0.0,0.0,1.0,2.0,,0.0,1.0,,,,,,,,,0.5,1.0,1.0,1.0,0.0,0.6464466094067263,0.6464466094067263,0.6464466094067263,0.6464466094067263
현서_괴물_나난_싱글즈,현서_괴물,나난_싱글즈,0.0,2.0,0.0,1.0,0.0,1.0,1.0,2.0,,,0.0,,,,,,,,,0.0,0.0,0.0,0.0,0.0,1.0,1.0,1.0,1.0
현서_괴물_동미_싱글즈,현서_괴물,동미_싱글즈,0.0,0.0,0.0,2.0,0.0,3.0,1.0,2.0,,,1.0,,,,,,,,,1.0,1.0,0.0,0.0,0.0,1.0,0.2928932188134524,0.2928932188134524,0.2928932188134524
현서_괴물_정준_싱글즈,현서_괴물,정준_싱글즈,0.0,3.0,0.0,2.0,0.0,1.0,1.0,0.0,,,1.0,,,,,,,,,1.0,0.0,0.0,0.0,0.0,0.2928932188134524,0.2928932188134524,0.2928932188134524,0.2928932188134524
현서_괴물_수헌_싱글즈,현서_괴물,수헌_싱글즈,0.0,0.0,0.0,3.0,0.0,0.0,1.0,1.0,,,0.0,,,,,,,,,0.0,1.0,0.0,1.0,1.0,0.2928932188134524,1.0,0.2928932188134524,0.2928932188134524
민재_남극일기_도형_남극일기,민재_남극일기,도형_남극일기,2.0,3.0,1.0,0.0,0.0,1.0,2.0,0.0,,,1.0,,0.0,,1.0,,,,0.0,0.5,0.0,0.0,0.0,0.0,0.6464466094067263,0.6464466094067263,0.6464466094067263,0.6464466094067263
민재_남극일기_남일_괴물,민재_남극일기,남일_괴물,2.0,3.0,1.0,0.0,0.0,1.0,2.0,0.0,,,1.0,,,,,,,,,1.0,0.0,0.0,0.0,0.0,0.2928932188134524,0.2928932188134524,0.2928932188134524,0.2928932188134524
민재_남극일기_남주_괴물,민재_남극일기,남주_괴물,2.0,3.0,1.0,2.0,0.0,1.0,2.0,0.0,,,1.0,,,,,,,,,1.0,0.0,0.0,0.0,0.0,0.2928932188134524,0.2928932188134524,0.2928932188134524,0.2928932188134524
민재_남극일기_화녀_다찌마와 Lee,민재_남극일기,화녀_다찌마와 Lee,2.0,2.0,1.0,3.0,0.0,3.0,2.0,1.0,,,,,,,0.0,,,,,0.0,1.0,0.0,0.0,0.0,0.2928932188134524,1.0,1.0,1.0
민재_남극일기_충녀_다찌마와 Lee,민재_남극일기,충녀_다찌마와 Lee,2.0,0.0,1.0,2.0,0.0,3.0,2.0,3.0,,,,,,,0.0,,,,,0.0,0.0,0.0,0.0,0.0,1.0,1.0,1.0,1.0
민재_남극일기_리_다찌마와 Lee,민재_남극일기,리_다찌마와 Lee,2.0,0.0,1.0,2.0,0.0,3.0,2.0,2.0,,,,,,,0.0,,,,,0.0,0.0,0.0,0.0,1.0,1.0,1.0,1.0,0.2928932188134524
민재_남극일기_시은_각설탕,민재_남극일기,시은_각설탕,2.0,2.0,1.0,1.0,0.0,3.0,2.0,2.0,,,,,,,0.0,,,,,0.0,1.0,1.0,0.0,1.0,0.2928932188134524,0.2928932188134524,1.0,0.2928932188134524
민재_남극일기_판돌_각설탕,민재_남극일기,판돌_각설탕,2.0,0.0,1.0,2.0,0.0,3.0,2.0,1.0,,,,,,,0.0,,,,,0.0,0.0,0.0,0.0,0.0,1.0,1.0,1.0,1.0
민재_남극일기_익두_각설탕,민재_남극일기,익두_각설탕,2.0,0.0,1.0,2.0,0.0,3.0,2.0,1.0,,,,,,,0.0,,,,,0.0,0.0,0.0,0.0,0.0,1.0,1.0,1.0,1.0
민재_남극일기_김조교사_각설탕,민재_남극일기,김조교사_각설탕,2.0,0.0,1.0,2.0,0.0,3.0,2.0,2.0,,,,,,,0.0,,,,,0.0,0.0,0.0,0.0,1.0,1.0,1.0,1.0,0.2928932188134524
민재_남극일기_민자_각설탕,민재_남극일기,민자_각설탕,2.0,0.0,1.0,2.0,0.0,0.0,2.0,1.0,,,,,,,0.0,,,,,0.0,0.0,0.0,1.0,0.0,1.0,1.0,0.2928932188134524,1.0
민재_남극일기_철이_각설탕,민재_남극일기,철이_각설탕,2.0,0.0,1.0,2.0,0.0,3.0,2.0,1.0,,,,,,,1.0,,,,,1.0,0.0,0.0,0.0,0.0,0.2928932188134524,0.2928932188134524,0.2928932188134524,0.2928932188134524
민재_남극일기_철수_내 머리 속의 지우개,민재_남극일기,철수_내 머리 속의 지우개,2.0,0.0,1.0,2.0,0.0,0.0,2.0,2.0,,,,,0.0,,,,,,0.0,0.0,0.0,0.0,1.0,1.0,1.0,1.0,0.2928932188134524,0.2928932188134524
민재_남극일기_수진_내 머리 속의 지우개,민재_남극일기,수진_내 머리 속의 지우개,2.0,0.0,1.0,2.0,0.0,0.0,2.0,2.0,,,,,0.0,,,,,,0.0,0.0,0.0,0.0,1.0,1.0,1.0,1.0,0.2928932188134524,0.2928932188134524
민재_남극일기_주석_가족,민재_남극일기,주석_가족,2.0,0.0,1.0,2.0,0.0,0.0,2.0,2.0,,,1.0,,0.0,,,,,,0.0,0.3333333333333333,0.0,0.0,1.0,1.0,0.7642977396044841,0.7642977396044841,0.5285954792089682,0.5285954792089682
민재_남극일기_정환_가족,민재_남극일기,정환_가족,2.0,3.0,1.0,0.0,0.0,1.0,2.0,0.0,,,1.0,,0.0,,,,,,0.0,0.3333333333333333,0.0,0.0,0.0,0.0,0.7642977396044841,0.7642977396044841,0.7642977396044841,0.7642977396044841
민재_남극일기_정은_가족,민재_남극일기,정은_가족,2.0,0.0,1.0,0.0,0.0,0.0,2.0,2.0,,,1.0,,0.0,,,,,,0.0,0.3333333333333333,0.0,0.0,1.0,1.0,0.7642977396044841,0.7642977396044841,0.5285954792089682,0.5285954792089682
민재_남극일기_나난_싱글즈,민재_남극일기,나난_싱글즈,2.0,2.0,1.0,1.0,0.0,1.0,2.0,2.0,,,0.0,,0.0,,,,,,1.0,0.3333333333333333,1.0,1.0,0.0,1.0,0.5285954792089682,0.5285954792089682,0.7642977396044841,0.5285954792089682
민재_남극일기_동미_싱글즈,민재_남극일기,동미_싱글즈,2.0,0.0,1.0,2.0,0.0,3.0,2.0,2.0,,,1.0,,0.0,,,,,,0.0,0.3333333333333333,0.0,0.0,0.0,1.0,0.7642977396044841,0.7642977396044841,0.7642977396044841,0.5285954792089682
민재_남극일기_정준_싱글즈,민재_남극일기,정준_싱글즈,2.0,3.0,1.0,2.0,0.0,1.0,2.0,0.0,,,1.0,,0.0,,,,,,0.0,0.3333333333333333,0.0,0.0,0.0,0.0,0.7642977396044841,0.7642977396044841,0.7642977396044841,0.7642977396044841
민재_남극일기_수헌_싱글즈,민재_남극일기,수헌_싱글즈,2.0,0.0,1.0,3.0,0.0,0.0,2.0,1.0,,,0.0,,0.0,,,,,,0.0,0.0,0.0,0.0,1.0,0.0,1.0,1.0,0.2928932188134524,1.0
도형_남극일기_남일_괴물,도형_남극일기,남일_괴물,3.0,3.0,0.0,0.0,1.0,1.0,0.0,0.0,,,0.0,,,,,,,,,0.0,1.0,1.0,1.0,1.0,0.2928932188134524,0.2928932188134524,0.2928932188134524,0.2928932188134524
도형_남극일기_남주_괴물,도형_남극일기,남주_괴물,3.0,3.0,0.0,2.0,1.0,1.0,0.0,0.0,,,1.0,,,,,,,,,1.0,1.0,0.0,1.0,1.0,1.0,0.2928932188134524,1.0,1.0
도형_남극일기_화녀_다찌마와 Lee,도형_남극일기,화녀_다찌마와 Lee,3.0,2.0,0.0,3.0,1.0,3.0,0.0,1.0,,,,,,,0.0,,,,,0.0,0.0,0.0,0.0,0.0,1.0,1.0,1.0,1.0
도형_남극일기_충녀_다찌마와 Lee,도형_남극일기,충녀_다찌마와 Lee,3.0,0.0,0.0,2.0,1.0,3.0,0.0,3.0,,,,,,,0.0,,,,,0.0,0.0,0.0,0.0,0.0,1.0,1.0,1.0,1.0
도형_남극일기_리_다찌마와 Lee,도형_남극일기,리_다찌마와 Lee,3.0,0.0,0.0,2.0,1.0,3.0,0.0,2.0,,,,,,,1.0,,,,,1.0,0.0,0.0,0.0,0.0,0.2928932188134524,0.2928932188134524,0.2928932188134524,0.2928932188134524
도형_남극일기_시은_각설탕,도형_남극일기,시은_각설탕,3.0,2.0,0.0,1.0,1.0,3.0,0.0,2.0,,,,,,,1.0,,,,,1.0,0.0,0.0,0.0,0.0,0.2928932188134524,0.2928932188134524,0.2928932188134524,0.2928932188134524
도형_남극일기_판돌_각설탕,도형_남극일기,판돌_각설탕,3.0,0.0,0.0,2.0,1.0,3.0,0.0,1.0,,,,,,,1.0,,,,,1.0,0.0,0.0,0.0,0.0,0.2928932188134524,0.2928932188134524,0.2928932188134524,0.2928932188134524
도형_남극일기_익두_각설탕,도형_남극일기,익두_각설탕,3.0,0.0,0.0,2.0,1.0,3.0,0.0,1.0,,,,,,,1.0,,,,,1.0,0.0,0.0,0.0,0.0,0.2928932188134524,0.2928932188134524,0.2928932188134524,0.2928932188134524
도형_남극일기_김조교사_각설탕,도형_남극일기,김조교사_각설탕,3.0,0.0,0.0,2.0,1.0,3.0,0.0,2.0,,,,,,,1.0,,,,,1.0,0.0,0.0,0.0,0.0,0.2928932188134524,0.2928932188134524,0.2928932188134524,0.2928932188134524
도형_남극일기_민자_각설탕,도형_남극일기,민자_각설탕,3.0,0.0,0.0,2.0,1.0,0.0,0.0,1.0,,,,,,,0.0,,,,,0.0,0.0,0.0,0.0,0.0,1.0,1.0,1.0,1.0
도형_남극일기_철이_각설탕,도형_남극일기,철이_각설탕,3.0,0.0,0.0,2.0,1.0,3.0,0.0,1.0,,,,,,,0.0,,,,,0.0,0.0,0.0,0.0,0.0,1.0,1.0,1.0,1.0
도형_남극일기_철수_내 머리 속의 지우개,도형_남극일기,철수_내 머리 속의 지우개,3.0,0.0,0.0,2.0,1.0,0.0,0.0,2.0,,,,,0.0,,,,,,0.0,0.0,0.0,0.0,0.0,0.0,1.0,1.0,1.0,1.0
도형_남극일기_수진_내 머리 속의 지우개,도형_남극일기,수진_내 머리 속의 지우개,3.0,0.0,0.0,2.0,1.0,0.0,0.0,2.0,,,,,0.0,,,,,,0.0,0.0,0.0,0.0,0.0,0.0,1.0,1.0,1.0,1.0
도형_남극일기_주석_가족,도형_남극일기,주석_가족,3.0,0.0,0.0,2.0,1.0,0.0,0.0,2.0,,,0.0,,0.0,,,,,,0.0,0.0,0.0,0.0,0.0,0.0,1.0,1.0,1.0,1.0
도형_남극일기_정환_가족,도형_남극일기,정환_가족,3.0,3.0,0.0,0.0,1.0,1.0,0.0,0.0,,,0.0,,0.0,,,,,,1.0,0.3333333333333333,1.0,1.0,1.0,1.0,0.5285954792089682,0.5285954792089682,0.5285954792089682,0.5285954792089682
도형_남극일기_정은_가족,도형_남극일기,정은_가족,3.0,0.0,0.0,0.0,1.0,0.0,0.0,2.0,,,1.0,,0.0,,,,,,0.0,0.3333333333333333,0.0,1.0,0.0,0.0,0.7642977396044841,0.5285954792089682,0.7642977396044841,0.7642977396044841
도형_남극일기_나난_싱글즈,도형_남극일기,나난_싱글즈,3.0,2.0,0.0,1.0,1.0,1.0,0.0,2.0,,,1.0,,0.0,,,,,,0.0,0.3333333333333333,0.0,0.0,1.0,0.0,0.7642977396044841,0.7642977396044841,0.5285954792089682,0.7642977396044841
도형_남극일기_동미_싱글즈,도형_남극일기,동미_싱글즈,3.0,0.0,0.0,2.0,1.0,3.0,0.0,2.0,,,0.0,,0.0,,,,,,0.0,0.0,0.0,0.0,0.0,0.0,1.0,1.0,1.0,1.0
도형_남극일기_정준_싱글즈,도형_남극일기,정준_싱글즈,3.0,3.0,0.0,2.0,1.0,1.0,0.0,0.0,,,1.0,,0.0,,,,,,1.0,0.6666666666666666,1.0,0.0,1.0,1.0,0.7642977396044841,0.5285954792089683,0.7642977396044841,0.7642977396044841
도형_남극일기_수헌_싱글즈,도형_남극일기,수헌_싱글즈,3.0,0.0,0.0,3.0,1.0,0.0,0.0,1.0,,,1.0,,0.0,,,,,,0.0,0.3333333333333333,0.0,0.0,0.0,0.0,0.7642977396044841,0.7642977396044841,0.7642977396044841,0.7642977396044841
남일_괴물_남주_괴물,남일_괴물,남주_괴물,3.0,3.0,0.0,2.0,1.0,1.0,0.0,0.0,,1.0,0.0,0.0,,1.0,,,,,,0.5,1.0,0.0,1.0,1.0,0.6464466094067263,0.6464466094067263,0.6464466094067263,0.6464466094067263
남일_괴물_고건수_끝까지 간다,남일_괴물,고건수_끝까지 간다,3.0,0.0,0.0,0.0,1.0,0.0,0.0,2.0,,,,0.0,,0.0,,,,,,0.0,0.0,1.0,0.0,0.0,1.0,0.2928932188134524,1.0,1.0
남일_괴물_박창민_끝까지 간다,남일_괴물,박창민_끝까지 간다,3.0,0.0,0.0,2.0,1.0,0.0,0.0,1.0,,,,0.0,,0.0,,,,,,0.0,0.0,0.0,0.0,0.0,1.0,1.0,1.0,1.0
남일_괴물_대수_올드보이,남일_괴물,대수_올드보이,3.0,2.0,0.0,1.0,1.0,3.0,0.0,2.0,,0.0,,0.0,,1.0,,,,,,0.3333333333333333,0.0,0.0,0.0,0.0,0.7642977396044841,0.7642977396044841,0.7642977396044841,0.7642977396044841
남일_괴물_미도_올드보이,남일_괴물,미도_올드보이,3.0,0.0,0.0,2.0,1.0,0.0,0.0,1.0,,0.0,,0.0,,0.0,,,,,,0.0,0.0,0.0,0.0,0.0,1.0,1.0,1.0,1.0
남일_괴물_우진_올드보이,남일_괴물,우진_올드보이,3.0,0.0,0.0,2.0,1.0,0.0,0.0,1.0,,0.0,,0.0,,0.0,,,,,,0.0,0.0,0.0,0.0,0.0,1.0,1.0,1.0,1.0
남일_괴물_주석_가족,남일_괴물,주석_가족,3.0,0.0,0.0,2.0,1.0,0.0,0.0,2.0,,1.0,0.0,,,,,,,,,0.5,0.0,0.0,0.0,0.0,0.6464466094067263,0.6464466094067263,0.6464466094067263,0.6464466094067263
남일_괴물_정환_가족,남일_괴물,정환_가족,3.0,3.0,0.0,0.0,1.0,1.0,0.0,0.0,,0.0,1.0,,,,,,,,,0.5,1.0,1.0,1.0,1.0,0.6464466094067263,0.6464466094067263,0.6464466094067263,0.6464466094067263
남일_괴물_정은_가족,남일_괴물,정은_가족,3.0,0.0,0.0,0.0,1.0,0.0,0.0,2.0,,1.0,1.0,,,,,,,,,1.0,0.0,1.0,0.0,0.0,0.2928932188134524,1.0,0.2928932188134524,0.2928932188134524
남일_괴물_나난_싱글즈,남일_괴물,나난_싱글즈,3.0,2.0,0.0,1.0,1.0,1.0,0.0,2.0,,,1.0,,,,,,,,,1.0,0.0,0.0,1.0,0.0,0.2928932188134524,0.2928932188134524,1.0,0.2928932188134524
남일_괴물_동미_싱글즈,남일_괴물,동미_싱글즈,3.0,0.0,0.0,2.0,1.0,3.0,0.0,2.0,,,0.0,,,,,,,,,0.0,0.0,0.0,0.0,0.0,1.0,1.0,1.0,1.0
남일_괴물_정준_싱글즈,남일_괴물,정준_싱글즈,3.0,3.0,0.0,2.0,1.0,1.0,0.0,0.0,,,1.0,,,,,,,,,1.0,1.0,0.0,1.0,1.0,1.0,0.2928932188134524,1.0,1.0
남일_괴물_수헌_싱글즈,남일_괴물,수헌_싱글즈,3.0,0.0,0.0,3.0,1.0,0.0,0.0,1.0,,,1.0,,,,,,,,,1.0,0.0,0.0,0.0,0.0,0.2928932188134524,0.2928932188134524,0.2928932188134524,0.2928932188134524
남주_괴물_고건수_끝까지 간다,남주_괴물,고건수_끝까지 간다,3.0,0.0,2.0,0.0,1.0,0.0,0.0,2.0,,,,0.0,,0.0,,,,,,0.0,0.0,0.0,0.0,0.0,1.0,1.0,1.0,1.0
남주_괴물_박창민_끝까지 간다,남주_괴물,박창민_끝까지 간다,3.0,0.0,2.0,2.0,1.0,0.0,0.0,1.0,,,,0.0,,0.0,,,,,,0.0,0.0,1.0,0.0,0.0,1.0,0.2928932188134524,1.0,1.0
남주_괴물_대수_올드보이,남주_괴물,대수_올드보이,3.0,2.0,2.0,1.0,1.0,3.0,0.0,2.0,,1.0,,0.0,,0.0,,,,,,0.3333333333333333,0.0,0.0,0.0,0.0,0.7642977396044841,0.7642977396044841,0.7642977396044841,0.7642977396044841
남주_괴물_미도_올드보이,남주_괴물,미도_올드보이,3.0,0.0,2.0,2.0,1.0,0.0,0.0,1.0,,0.0,,0.0,,0.0,,,,,,0.0,0.0,1.0,0.0,0.0,1.0,0.2928932188134524,1.0,1.0
남주_괴물_우진_올드보이,남주_괴물,우진_올드보이,3.0,0.0,2.0,2.0,1.0,0.0,0.0,1.0,,0.0,,0.0,,0.0,,,,,,0.0,0.0,1.0,0.0,0.0,1.0,0.2928932188134524,1.0,1.0
남주_괴물_주석_가족,남주_괴물,주석_가족,3.0,0.0,2.0,2.0,1.0,0.0,0.0,2.0,,1.0,1.0,,,,,,,,,1.0,0.0,1.0,0.0,0.0,0.2928932188134524,1.0,0.2928932188134524,0.2928932188134524
남주_괴물_정환_가족,남주_괴물,정환_가족,3.0,3.0,2.0,0.0,1.0,1.0,0.0,0.0,,0.0,0.0,,,,,,,,,0.0,1.0,0.0,1.0,1.0,0.2928932188134524,1.0,0.2928932188134524,0.2928932188134524
남주_괴물_정은_가족,남주_괴물,정은_가족,3.0,0.0,2.0,0.0,1.0,0.0,0.0,2.0,,1.0,1.0,,,,,,,,,1.0,0.0,0.0,0.0,0.0,0.2928932188134524,0.2928932188134524,0.2928932188134524,0.2928932188134524
남주_괴물_나난_싱글즈,남주_괴물,나난_싱글즈,3.0,2.0,2.0,1.0,1.0,1.0,0.0,2.0,,,0.0,,,,,,,,,0.0,0.0,0.0,1.0,0.0,1.0,1.0,0.2928932188134524,1.0
남주_괴물_동미_싱글즈,남주_괴물,동미_싱글즈,3.0,0.0,2.0,2.0,1.0,3.0,0.0,2.0,,,1.0,,,,,,,,,1.0,0.0,1.0,0.0,0.0,0.2928932188134524,1.0,0.2928932188134524,0.2928932188134524
남주_괴물_정준_싱글즈,남주_괴물,정준_싱글즈,3.0,3.0,2.0,2.0,1.0,1.0,0.0,0.0,,,1.0,,,,,,,,,1.0,1.0,1.0,1.0,1.0,1.0,1.0,1.0,1.0
남주_괴물_수헌_싱글즈,남주_괴물,수헌_싱글즈,3.0,0.0,2.0,3.0,1.0,0.0,0.0,1.0,,,1.0,,,,,,,,,1.0,0.0,0.0,0.0,0.0,0.2928932188134524,0.2928932188134524,0.2928932188134524,0.2928932188134524
화녀_다찌마와 Lee_충녀_다찌마와 Lee,화녀_다찌마와 Lee,충녀_다찌마와 Lee,2.0,0.0,3.0,2.0,3.0,3.0,1.0,3.0,,,,,,,1.0,0.0,0.0,,,0.3333333333333333,0.0,0.0,1.0,0.0,0.7642977396044841,0.7642977396044841,0.5285954792089682,0.7642977396044841
화녀_다찌마와 Lee_리_다찌마와 Lee,화녀_다찌마와 Lee,리_다찌마와 Lee,2.0,0.0,3.0,2.0,3.0,3.0,1.0,2.0,,,,,,,0.0,0.0,0.0,,,0.0,0.0,0.0,1.0,0.0,1.0,1.0,0.2928932188134524,1.0
화녀_다찌마와 Lee_시은_각설탕,화녀_다찌마와 Lee,시은_각설탕,2.0,2.0,3.0,1.0,3.0,3.0,1.0,2.0,,,,,,,0.0,,,,,0.0,1.0,0.0,1.0,0.0,0.2928932188134524,1.0,0.2928932188134524,1.0
화녀_다찌마와 Lee_판돌_각설탕,화녀_다찌마와 Lee,판돌_각설탕,2.0,0.0,3.0,2.0,3.0,3.0,1.0,1.0,,,,,,,0.0,,,,,0.0,0.0,0.0,1.0,1.0,1.0,1.0,0.2928932188134524,0.2928932188134524
화녀_다찌마와 Lee_익두_각설탕,화녀_다찌마와 Lee,익두_각설탕,2.0,0.0,3.0,2.0,3.0,3.0,1.0,1.0,,,,,,,0.0,,,,,0.0,0.0,0.0,1.0,1.0,1.0,1.0,0.2928932188134524,0.2928932188134524
화녀_다찌마와 Lee_김조교사_각설탕,화녀_다찌마와 Lee,김조교사_각설탕,2.0,0.0,3.0,2.0,3.0,3.0,1.0,2.0,,,,,,,0.0,,,,,0.0,0.0,0.0,1.0,0.0,1.0,1.0,0.2928932188134524,1.0
화녀_다찌마와 Lee_민자_각설탕,화녀_다찌마와 Lee,민자_각설탕,2.0,0.0,3.0,2.0,3.0,0.0,1.0,1.0,,,,,,,1.0,,,,,1.0,0.0,0.0,0.0,1.0,0.2928932188134524,0.2928932188134524,0.2928932188134524,1.0
화녀_다찌마와 Lee_철이_각설탕,화녀_다찌마와 Lee,철이_각설탕,2.0,0.0,3.0,2.0,3.0,3.0,1.0,1.0,,,,,,,0.0,,,,,0.0,0.0,0.0,1.0,1.0,1.0,1.0,0.2928932188134524,0.2928932188134524
화녀_다찌마와 Lee_철수_내 머리 속의 지우개,화녀_다찌마와 Lee,철수_내 머리 속의 지우개,2.0,0.0,3.0,2.0,3.0,0.0,1.0,2.0,,,,,,,,0.0,,,,0.0,0.0,0.0,0.0,0.0,1.0,1.0,1.0,1.0
화녀_다찌마와 Lee_수진_내 머리 속의 지우개,화녀_다찌마와 Lee,수진_내 머리 속의 지우개,2.0,0.0,3.0,2.0,3.0,0.0,1.0,2.0,,,,,,,,1.0,,,,1.0,0.0,0.0,0.0,0.0,0.2928932188134524,0.2928932188134524,0.2928932188134524,0.2928932188134524
화녀_다찌마와 Lee_나난_싱글즈,화녀_다찌마와 Lee,나난_싱글즈,2.0,2.0,3.0,1.0,3.0,1.0,1.0,2.0,,,,,,,,,1.0,,,1.0,1.0,0.0,0.0,0.0,1.0,0.2928932188134524,0.2928932188134524,0.2928932188134524
화녀_다찌마와 Lee_동미_싱글즈,화녀_다찌마와 Lee,동미_싱글즈,2.0,0.0,3.0,2.0,3.0,3.0,1.0,2.0,,,,,,,,,1.0,,,1.0,0.0,0.0,1.0,0.0,0.2928932188134524,0.2928932188134524,1.0,0.2928932188134524
화녀_다찌마와 Lee_정준_싱글즈,화녀_다찌마와 Lee,정준_싱글즈,2.0,3.0,3.0,2.0,3.0,1.0,1.0,0.0,,,,,,,,,0.0,,,0.0,0.0,0.0,0.0,0.0,1.0,1.0,1.0,1.0
화녀_다찌마와 Lee_수헌_싱글즈,화녀_다찌마와 Lee,수헌_싱글즈,2.0,0.0,3.0,3.0,3.0,0.0,1.0,1.0,,,,,,,,,1.0,,,1.0,0.0,1.0,0.0,1.0,0.2928932188134524,1.0,0.2928932188134524,1.0
충녀_다찌마와 Lee_리_다찌마와 Lee,충녀_다찌마와 Lee,리_다찌마와 Lee,0.0,0.0,2.0,2.0,3.0,3.0,3.0,2.0,,,,,,,0.0,0.0,0.0,,,0.0,1.0,1.0,1.0,0.0,0.2928932188134524,0.2928932188134524,0.2928932188134524,1.0
충녀_다찌마와 Lee_시은_각설탕,충녀_다찌마와 Lee,시은_각설탕,0.0,2.0,2.0,1.0,3.0,3.0,3.0,2.0,,,,,,,0.0,,,,,0.0,0.0,0.0,1.0,0.0,1.0,1.0,0.2928932188134524,1.0
충녀_다찌마와 Lee_판돌_각설탕,충녀_다찌마와 Lee,판돌_각설탕,0.0,0.0,2.0,2.0,3.0,3.0,3.0,1.0,,,,,,,1.0,,,,,1.0,1.0,1.0,1.0,0.0,1.0,1.0,1.0,0.2928932188134524
충녀_다찌마와 Lee_익두_각설탕,충녀_다찌마와 Lee,익두_각설탕,0.0,0.0,2.0,2.0,3.0,3.0,3.0,1.0,,,,,,,1.0,,,,,1.0,1.0,1.0,1.0,0.0,1.0,1.0,1.0,0.2928932188134524
충녀_다찌마와 Lee_김조교사_각설탕,충녀_다찌마와 Lee,김조교사_각설탕,0.0,0.0,2.0,2.0,3.0,3.0,3.0,2.0,,,,,,,0.0,,,,,0.0,1.0,1.0,1.0,0.0,0.2928932188134524,0.2928932188134524,0.2928932188134524,1.0
충녀_다찌마와 Lee_민자_각설탕,충녀_다찌마와 Lee,민자_각설탕,0.0,0.0,2.0,2.0,3.0,0.0,3.0,1.0,,,,,,,1.0,,,,,1.0,1.0,1.0,0.0,0.0,1.0,1.0,0.2928932188134524,0.2928932188134524
충녀_다찌마와 Lee_철이_각설탕,충녀_다찌마와 Lee,철이_각설탕,0.0,0.0,2.0,2.0,3.0,3.0,3.0,1.0,,,,,,,0.0,,,,,0.0,1.0,1.0,1.0,0.0,0.2928932188134524,0.2928932188134524,0.2928932188134524,1.0
충녀_다찌마와 Lee_철수_내 머리 속의 지우개,충녀_다찌마와 Lee,철수_내 머리 속의 지우개,0.0,0.0,2.0,2.0,3.0,0.0,3.0,2.0,,,,,,,,1.0,,,,1.0,1.0,1.0,0.0,0.0,1.0,1.0,0.2928932188134524,0.2928932188134524
충녀_다찌마와 Lee_수진_내 머리 속의 지우개,충녀_다찌마와 Lee,수진_내 머리 속의 지우개,0.0,0.0,2.0,2.0,3.0,0.0,3.0,2.0,,,,,,,,1.0,,,,1.0,1.0,1.0,0.0,0.0,1.0,1.0,0.2928932188134524,0.2928932188134524
충녀_다찌마와 Lee_나난_싱글즈,충녀_다찌마와 Lee,나난_싱글즈,0.0,2.0,2.0,1.0,3.0,1.0,3.0,2.0,,,,,,,,,1.0,,,1.0,0.0,0.0,0.0,0.0,0.2928932188134524,0.2928932188134524,0.2928932188134524,0.2928932188134524
충녀_다찌마와 Lee_동미_싱글즈,충녀_다찌마와 Lee,동미_싱글즈,0.0,0.0,2.0,2.0,3.0,3.0,3.0,2.0,,,,,,,,,1.0,,,1.0,1.0,1.0,1.0,0.0,1.0,1.0,1.0,0.2928932188134524
충녀_다찌마와 Lee_정준_싱글즈,충녀_다찌마와 Lee,정준_싱글즈,0.0,3.0,2.0,2.0,3.0,1.0,3.0,0.0,,,,,,,,,0.0,,,0.0,0.0,1.0,0.0,0.0,1.0,0.2928932188134524,1.0,1.0
충녀_다찌마와 Lee_수헌_싱글즈,충녀_다찌마와 Lee,수헌_싱글즈,0.0,0.0,2.0,3.0,3.0,0.0,3.0,1.0,,,,,,,,,0.0,,,0.0,1.0,0.0,0.0,0.0,0.2928932188134524,1.0,1.0,1.0
리_다찌마와 Lee_시은_각설탕,리_다찌마와 Lee,시은_각설탕,0.0,2.0,2.0,1.0,3.0,3.0,2.0,2.0,,,,,,,0.0,,,,,0.0,0.0,0.0,1.0,1.0,1.0,1.0,0.2928932188134524,0.2928932188134524
리_다찌마와 Lee_판돌_각설탕,리_다찌마와 Lee,판돌_각설탕,0.0,0.0,2.0,2.0,3.0,3.0,2.0,1.0,,,,,,,1.0,,,,,1.0,1.0,1.0,1.0,0.0,1.0,1.0,1.0,0.2928932188134524
리_다찌마와 Lee_익두_각설탕,리_다찌마와 Lee,익두_각설탕,0.0,0.0,2.0,2.0,3.0,3.0,2.0,1.0,,,,,,,1.0,,,,,1.0,1.0,1.0,1.0,0.0,1.0,1.0,1.0,0.2928932188134524
리_다찌마와 Lee_김조교사_각설탕,리_다찌마와 Lee,김조교사_각설탕,0.0,0.0,2.0,2.0,3.0,3.0,2.0,2.0,,,,,,,1.0,,,,,1.0,1.0,1.0,1.0,1.0,1.0,1.0,1.0,1.0
리_다찌마와 Lee_민자_각설탕,리_다찌마와 Lee,민자_각설탕,0.0,0.0,2.0,2.0,3.0,0.0,2.0,1.0,,,,,,,0.0,,,,,0.0,1.0,1.0,0.0,0.0,0.2928932188134524,0.2928932188134524,1.0,1.0
리_다찌마와 Lee_철이_각설탕,리_다찌마와 Lee,철이_각설탕,0.0,0.0,2.0,2.0,3.0,3.0,2.0,1.0,,,,,,,0.0,,,,,0.0,1.0,1.0,1.0,0.0,0.2928932188134524,0.2928932188134524,0.2928932188134524,1.0
리_다찌마와 Lee_철수_내 머리 속의 지우개,리_다찌마와 Lee,철수_내 머리 속의 지우개,0.0,0.0,2.0,2.0,3.0,0.0,2.0,2.0,,,,,,,,1.0,,,,1.0,1.0,1.0,0.0,1.0,1.0,1.0,0.2928932188134524,1.0
리_다찌마와 Lee_수진_내 머리 속의 지우개,리_다찌마와 Lee,수진_내 머리 속의 지우개,0.0,0.0,2.0,2.0,3.0,0.0,2.0,2.0,,,,,,,,0.0,,,,0.0,1.0,1.0,0.0,1.0,0.2928932188134524,0.2928932188134524,1.0,0.2928932188134524
리_다찌마와 Lee_나난_싱글즈,리_다찌마와 Lee,나난_싱글즈,0.0,2.0,2.0,1.0,3.0,1.0,2.0,2.0,,,,,,,,,0.0,,,0.0,0.0,0.0,0.0,1.0,1.0,1.0,1.0,0.2928932188134524
리_다찌마와 Lee_동미_싱글즈,리_다찌마와 Lee,동미_싱글즈,0.0,0.0,2.0,2.0,3.0,3.0,2.0,2.0,,,,,,,,,1.0,,,1.0,1.0,1.0,1.0,1.0,1.0,1.0,1.0,1.0
리_다찌마와 Lee_정준_싱글즈,리_다찌마와 Lee,정준_싱글즈,0.0,3.0,2.0,2.0,3.0,1.0,2.0,0.0,,,,,,,,,1.0,,,1.0,0.0,1.0,0.0,0.0,0.2928932188134524,1.0,0.2928932188134524,0.2928932188134524
리_다찌마와 Lee_수헌_싱글즈,리_다찌마와 Lee,수헌_싱글즈,0.0,0.0,2.0,3.0,3.0,0.0,2.0,1.0,,,,,,,,,1.0,,,1.0,1.0,0.0,0.0,0.0,1.0,0.2928932188134524,0.2928932188134524,0.2928932188134524
시은_각설탕_판돌_각설탕,시은_각설탕,판돌_각설탕,2.0,0.0,1.0,2.0,3.0,3.0,2.0,1.0,,,,,,,0.0,,,,,0.0,0.0,0.0,1.0,0.0,1.0,1.0,0.2928932188134524,1.0
시은_각설탕_익두_각설탕,시은_각설탕,익두_각설탕,2.0,0.0,1.0,2.0,3.0,3.0,2.0,1.0,,,,,,,0.0,,,,,0.0,0.0,0.0,1.0,0.0,1.0,1.0,0.2928932188134524,1.0
시은_각설탕_김조교사_각설탕,시은_각설탕,김조교사_각설탕,2.0,0.0,1.0,2.0,3.0,3.0,2.0,2.0,,,,,,,0.0,,,,,0.0,0.0,0.0,1.0,1.0,1.0,1.0,0.2928932188134524,0.2928932188134524
시은_각설탕_민자_각설탕,시은_각설탕,민자_각설탕,2.0,0.0,1.0,2.0,3.0,0.0,2.0,1.0,,,,,,,1.0,,,,,1.0,0.0,0.0,0.0,0.0,0.2928932188134524,0.2928932188134524,0.2928932188134524,0.2928932188134524
시은_각설탕_철이_각설탕,시은_각설탕,철이_각설탕,2.0,0.0,1.0,2.0,3.0,3.0,2.0,1.0,,,,,,,0.0,,,,,0.0,0.0,0.0,1.0,0.0,1.0,1.0,0.2928932188134524,1.0
판돌_각설탕_익두_각설탕,판돌_각설탕,익두_각설탕,0.0,0.0,2.0,2.0,3.0,3.0,1.0,1.0,,,,,,,1.0,,,,,1.0,1.0,1.0,1.0,1.0,1.0,1.0,1.0,1.0
판돌_각설탕_김조교사_각설탕,판돌_각설탕,김조교사_각설탕,0.0,0.0,2.0,2.0,3.0,3.0,1.0,2.0,,,,,,,1.0,,,,,1.0,1.0,1.0,1.0,0.0,1.0,1.0,1.0,0.2928932188134524
판돌_각설탕_민자_각설탕,판돌_각설탕,민자_각설탕,0.0,0.0,2.0,2.0,3.0,0.0,1.0,1.0,,,,,,,0.0,,,,,0.0,1.0,1.0,0.0,1.0,0.2928932188134524,0.2928932188134524,1.0,0.2928932188134524
판돌_각설탕_철이_각설탕,판돌_각설탕,철이_각설탕,0.0,0.0,2.0,2.0,3.0,3.0,1.0,1.0,,,,,,,1.0,,,,,1.0,1.0,1.0,1.0,1.0,1.0,1.0,1.0,1.0
익두_각설탕_김조교사_각설탕,익두_각설탕,김조교사_각설탕,0.0,0.0,2.0,2.0,3.0,3.0,1.0,2.0,,,,,,,1.0,,,,,1.0,1.0,1.0,1.0,0.0,1.0,1.0,1.0,0.2928932188134524
익두_각설탕_민자_각설탕,익두_각설탕,민자_각설탕,0.0,0.0,2.0,2.0,3.0,0.0,1.0,1.0,,,,,,,0.0,,,,,0.0,1.0,1.0,0.0,1.0,0.2928932188134524,0.2928932188134524,1.0,0.2928932188134524
익두_각설탕_철이_각설탕,익두_각설탕,철이_각설탕,0.0,0.0,2.0,2.0,3.0,3.0,1.0,1.0,,,,,,,0.0,,,,,0.0,1.0,1.0,1.0,1.0,0.2928932188134524,0.2928932188134524,0.2928932188134524,0.2928932188134524
김조교사_각설탕_민자_각설탕,김조교사_각설탕,민자_각설탕,0.0,0.0,2.0,2.0,3.0,0.0,2.0,1.0,,,,,,,0.0,,,,,0.0,1.0,1.0,0.0,0.0,0.2928932188134524,0.2928932188134524,1.0,1.0
김조교사_각설탕_철이_각설탕,김조교사_각설탕,철이_각설탕,0.0,0.0,2.0,2.0,3.0,3.0,2.0,1.0,,,,,,,0.0,,,,,0.0,1.0,1.0,1.0,0.0,0.2928932188134524,0.2928932188134524,0.2928932188134524,1.0
민자_각설탕_철이_각설탕,민자_각설탕,철이_각설탕,0.0,0.0,2.0,2.0,0.0,3.0,1.0,1.0,,,,,,,1.0,,,,,1.0,1.0,1.0,0.0,1.0,1.0,1.0,0.2928932188134524,1.0
고건수_끝까지 간다_박창민_끝까지 간다,고건수_끝까지 간다,박창민_끝까지 간다,0.0,0.0,0.0,2.0,0.0,0.0,2.0,1.0,0.0,,,1.0,,1.0,,,,,,0.6666666666666666,1.0,0.0,1.0,0.0,0.7642977396044841,0.5285954792089683,0.7642977396044841,0.5285954792089683
고건수_끝까지 간다_대수_올드보이,고건수_끝까지 간다,대수_올드보이,0.0,2.0,0.0,1.0,0.0,3.0,2.0,2.0,1.0,,,1.0,,0.0,,,,,,0.6666666666666666,0.0,0.0,0.0,1.0,0.5285954792089683,0.5285954792089683,0.5285954792089683,0.7642977396044841
고건수_끝까지 간다_미도_올드보이,고건수_끝까지 간다,미도_올드보이,0.0,0.0,0.0,2.0,0.0,0.0,2.0,1.0,0.0,,,0.0,,0.0,,,,,,0.0,1.0,0.0,1.0,0.0,0.2928932188134524,1.0,0.2928932188134524,1.0
고건수_끝까지 간다_우진_올드보이,고건수_끝까지 간다,우진_올드보이,0.0,0.0,0.0,2.0,0.0,0.0,2.0,1.0,0.0,,,0.0,,0.0,,,,,,0.0,1.0,0.0,1.0,0.0,0.2928932188134524,1.0,0.2928932188134524,1.0
고건수_끝까지 간다_철수_내 머리 속의 지우개,고건수_끝까지 간다,철수_내 머리 속의 지우개,0.0,0.0,0.0,2.0,0.0,0.0,2.0,2.0,1.0,,,,,,,,,1.0,,1.0,1.0,0.0,1.0,1.0,1.0,0.2928932188134524,1.0,1.0
고건수_끝까지 간다_수진_내 머리 속의 지우개,고건수_끝까지 간다,수진_내 머리 속의 지우개,0.0,0.0,0.0,2.0,0.0,0.0,2.0,2.0,0.0,,,,,,,,,1.0,,0.5,1.0,0.0,1.0,1.0,0.6464466094067263,0.6464466094067263,0.6464466094067263,0.6464466094067263
박창민_끝까지 간다_대수_올드보이,박창민_끝까지 간다,대수_올드보이,0.0,2.0,2.0,1.0,0.0,3.0,1.0,2.0,1.0,,,0.0,,1.0,,,,,,0.6666666666666666,0.0,0.0,0.0,0.0,0.5285954792089683,0.5285954792089683,0.5285954792089683,0.5285954792089683
박창민_끝까지 간다_미도_올드보이,박창민_끝까지 간다,미도_올드보이,0.0,0.0,2.0,2.0,0.0,0.0,1.0,1.0,0.0,,,0.0,,0.0,,,,,,0.0,1.0,1.0,1.0,1.0,0.2928932188134524,0.2928932188134524,0.2928932188134524,0.2928932188134524
박창민_끝까지 간다_우진_올드보이,박창민_끝까지 간다,우진_올드보이,0.0,0.0,2.0,2.0,0.0,0.0,1.0,1.0,0.0,,,0.0,,0.0,,,,,,0.0,1.0,1.0,1.0,1.0,0.2928932188134524,0.2928932188134524,0.2928932188134524,0.2928932188134524
박창민_끝까지 간다_철수_내 머리 속의 지우개,박창민_끝까지 간다,철수_내 머리 속의 지우개,0.0,0.0,2.0,2.0,0.0,0.0,1.0,2.0,1.0,,,,,,,,,1.0,,1.0,1.0,1.0,1.0,0.0,1.0,1.0,1.0,0.2928932188134524
박창민_끝까지 간다_수진_내 머리 속의 지우개,박창민_끝까지 간다,수진_내 머리 속의 지우개,0.0,0.0,2.0,2.0,0.0,0.0,1.0,2.0,0.0,,,,,,,,,1.0,,0.5,1.0,1.0,1.0,0.0,0.6464466094067263,0.6464466094067263,0.6464466094067263,0.6464466094067263
대수_올드보이_미도_올드보이,대수_올드보이,미도_올드보이,2.0,0.0,1.0,2.0,3.0,0.0,2.0,1.0,0.0,1.0,,0.0,,1.0,,,,,,0.5,0.0,0.0,0.0,0.0,0.6464466094067263,0.6464466094067263,0.6464466094067263,0.6464466094067263
대수_올드보이_우진_올드보이,대수_올드보이,우진_올드보이,2.0,0.0,1.0,2.0,3.0,0.0,2.0,1.0,0.0,1.0,,0.0,,1.0,,,,,,0.5,0.0,0.0,0.0,0.0,0.6464466094067263,0.6464466094067263,0.6464466094067263,0.6464466094067263
대수_올드보이_철수_내 머리 속의 지우개,대수_올드보이,철수_내 머리 속의 지우개,2.0,0.0,1.0,2.0,3.0,0.0,2.0,2.0,1.0,,,,,,,,,0.0,,0.5,0.0,0.0,0.0,1.0,0.6464466094067263,0.6464466094067263,0.6464466094067263,0.6464466094067263
대수_올드보이_수진_내 머리 속의 지우개,대수_올드보이,수진_내 머리 속의 지우개,2.0,0.0,1.0,2.0,3.0,0.0,2.0,2.0,0.0,,,,,,,,,0.0,,0.0,0.0,0.0,0.0,1.0,1.0,1.0,1.0,0.2928932188134524
대수_올드보이_주석_가족,대수_올드보이,주석_가족,2.0,0.0,1.0,2.0,3.0,0.0,2.0,2.0,,1.0,,,,,,,,,,1.0,0.0,0.0,0.0,1.0,0.2928932188134524,0.2928932188134524,0.2928932188134524,1.0
대수_올드보이_정환_가족,대수_올드보이,정환_가족,2.0,3.0,1.0,0.0,3.0,1.0,2.0,0.0,,0.0,,,,,,,,,,0.0,0.0,0.0,0.0,0.0,1.0,1.0,1.0,1.0
대수_올드보이_정은_가족,대수_올드보이,정은_가족,2.0,0.0,1.0,0.0,3.0,0.0,2.0,2.0,,0.0,,,,,,,,,,0.0,0.0,0.0,0.0,1.0,1.0,1.0,1.0,0.2928932188134524
미도_올드보이_우진_올드보이,미도_올드보이,우진_올드보이,0.0,0.0,2.0,2.0,0.0,0.0,1.0,1.0,1.0,0.0,,0.0,,0.0,,,,,,0.25,1.0,1.0,1.0,1.0,0.4696699141100894,0.4696699141100894,0.4696699141100894,0.4696699141100894
미도_올드보이_철수_내 머리 속의 지우개,미도_올드보이,철수_내 머리 속의 지우개,0.0,0.0,2.0,2.0,0.0,0.0,1.0,2.0,0.0,,,,,,,,,,,0.0,1.0,1.0,1.0,0.0,0.2928932188134524,0.2928932188134524,0.2928932188134524,1.0
미도_올드보이_수진_내 머리 속의 지우개,미도_올드보이,수진_내 머리 속의 지우개,0.0,0.0,2.0,2.0,0.0,0.0,1.0,2.0,1.0,,,,,,,,,,,1.0,1.0,1.0,1.0,0.0,1.0,1.0,1.0,0.2928932188134524
미도_올드보이_주석_가족,미도_올드보이,주석_가족,0.0,0.0,2.0,2.0,0.0,0.0,1.0,2.0,,0.0,,,,,,,,,,0.0,1.0,1.0,1.0,0.0,0.2928932188134524,0.2928932188134524,0.2928932188134524,1.0
미도_올드보이_정환_가족,미도_올드보이,정환_가족,0.0,3.0,2.0,0.0,0.0,1.0,1.0,0.0,,0.0,,,,,,,,,,0.0,0.0,0.0,0.0,0.0,1.0,1.0,1.0,1.0
미도_올드보이_정은_가족,미도_올드보이,정은_가족,0.0,0.0,2.0,0.0,0.0,0.0,1.0,2.0,,1.0,,,,,,,,,,1.0,1.0,0.0,1.0,0.0,1.0,0.2928932188134524,1.0,0.2928932188134524
우진_올드보이_철수_내 머리 속의 지우개,우진_올드보이,철수_내 머리 속의 지우개,0.0,0.0,2.0,2.0,0.0,0.0,1.0,2.0,0.0,,,,,,,,,1.0,,0.5,1.0,1.0,1.0,0.0,0.6464466094067263,0.6464466094067263,0.6464466094067263,0.6464466094067263
우진_올드보이_수진_내 머리 속의 지우개,우진_올드보이,수진_내 머리 속의 지우개,0.0,0.0,2.0,2.0,0.0,0.0,1.0,2.0,1.0,,,,,,,,,1.0,,1.0,1.0,1.0,1.0,0.0,1.0,1.0,1.0,0.2928932188134524
우진_올드보이_주석_가족,우진_올드보이,주석_가족,0.0,0.0,2.0,2.0,0.0,0.0,1.0,2.0,,1.0,,,,,,,,,,1.0,1.0,1.0,1.0,0.0,1.0,1.0,1.0,0.2928932188134524
우진_올드보이_정환_가족,우진_올드보이,정환_가족,0.0,3.0,2.0,0.0,0.0,1.0,1.0,0.0,,0.0,,,,,,,,,,0.0,0.0,0.0,0.0,0.0,1.0,1.0,1.0,1.0
우진_올드보이_정은_가족,우진_올드보이,정은_가족,0.0,0.0,2.0,0.0,0.0,0.0,1.0,2.0,,0.0,,,,,,,,,,0.0,1.0,0.0,1.0,0.0,0.2928932188134524,1.0,0.2928932188134524,1.0
철수_내 머리 속의 지우개_수진_내 머리 속의 지우개,철수_내 머리 속의 지우개,수진_내 머리 속의 지우개,0.0,0.0,2.0,2.0,0.0,0.0,2.0,2.0,0.0,,,,0.0,,,1.0,,,1.0,0.5,1.0,1.0,1.0,1.0,0.6464466094067263,0.6464466094067263,0.6464466094067263,0.6464466094067263
철수_내 머리 속의 지우개_주석_가족,철수_내 머리 속의 지우개,주석_가족,0.0,0.0,2.0,2.0,0.0,0.0,2.0,2.0,,,,,1.0,,,,,,1.0,1.0,1.0,1.0,1.0,1.0,1.0,1.0,1.0,1.0
철수_내 머리 속의 지우개_정환_가족,철수_내 머리 속의 지우개,정환_가족,0.0,3.0,2.0,0.0,0.0,1.0,2.0,0.0,,,,,0.0,,,,,,0.0,0.0,0.0,0.0,0.0,0.0,1.0,1.0,1.0,1.0
철수_내 머리 속의 지우개_정은_가족,철수_내 머리 속의 지우개,정은_가족,0.0,0.0,2.0,0.0,0.0,0.0,2.0,2.0,,,,,0.0,,,,,,1.0,0.5,1.0,0.0,1.0,1.0,0.6464466094067263,0.6464466094067263,0.6464466094067263,0.6464466094067263
철수_내 머리 속의 지우개_나난_싱글즈,철수_내 머리 속의 지우개,나난_싱글즈,0.0,2.0,2.0,1.0,0.0,1.0,2.0,2.0,,,,,0.0,,,,,,0.0,0.0,0.0,0.0,0.0,1.0,1.0,1.0,1.0,0.2928932188134524
철수_내 머리 속의 지우개_동미_싱글즈,철수_내 머리 속의 지우개,동미_싱글즈,0.0,0.0,2.0,2.0,0.0,3.0,2.0,2.0,,,,,0.0,,,,,,1.0,0.5,1.0,1.0,0.0,1.0,0.6464466094067263,0.6464466094067263,0.6464466094067263,0.6464466094067263
철수_내 머리 속의 지우개_정준_싱글즈,철수_내 머리 속의 지우개,정준_싱글즈,0.0,3.0,2.0,2.0,0.0,1.0,2.0,0.0,,,,,0.0,,,,,,0.0,0.0,0.0,1.0,0.0,0.0,1.0,0.2928932188134524,1.0,1.0
철수_내 머리 속의 지우개_수헌_싱글즈,철수_내 머리 속의 지우개,수헌_싱글즈,0.0,0.0,2.0,3.0,0.0,0.0,2.0,1.0,,,,,1.0,,,,,,1.0,1.0,1.0,0.0,1.0,0.0,1.0,0.2928932188134524,1.0,0.2928932188134524
수진_내 머리 속의 지우개_주석_가족,수진_내 머리 속의 지우개,주석_가족,0.0,0.0,2.0,2.0,0.0,0.0,2.0,2.0,,,,,0.0,,,,,,1.0,0.5,1.0,1.0,1.0,1.0,0.6464466094067263,0.6464466094067263,0.6464466094067263,0.6464466094067263
수진_내 머리 속의 지우개_정환_가족,수진_내 머리 속의 지우개,정환_가족,0.0,3.0,2.0,0.0,0.0,1.0,2.0,0.0,,,,,0.0,,,,,,0.0,0.0,0.0,0.0,0.0,0.0,1.0,1.0,1.0,1.0
수진_내 머리 속의 지우개_정은_가족,수진_내 머리 속의 지우개,정은_가족,0.0,0.0,2.0,0.0,0.0,0.0,2.0,2.0,,,,,0.0,,,,,,1.0,0.5,1.0,0.0,1.0,1.0,0.6464466094067263,0.6464466094067263,0.6464466094067263,0.6464466094067263
수진_내 머리 속의 지우개_나난_싱글즈,수진_내 머리 속의 지우개,나난_싱글즈,0.0,2.0,2.0,1.0,0.0,1.0,2.0,2.0,,,,,1.0,,,,,,0.0,0.5,0.0,0.0,0.0,1.0,0.6464466094067263,0.6464466094067263,0.6464466094067263,0.6464466094067263
수진_내 머리 속의 지우개_동미_싱글즈,수진_내 머리 속의 지우개,동미_싱글즈,0.0,0.0,2.0,2.0,0.0,3.0,2.0,2.0,,,,,0.0,,,,,,1.0,0.5,1.0,1.0,0.0,1.0,0.6464466094067263,0.6464466094067263,0.6464466094067263,0.6464466094067263
수진_내 머리 속의 지우개_정준_싱글즈,수진_내 머리 속의 지우개,정준_싱글즈,0.0,3.0,2.0,2.0,0.0,1.0,2.0,0.0,,,,,0.0,,,,,,0.0,0.0,0.0,1.0,0.0,0.0,1.0,0.2928932188134524,1.0,1.0
수진_내 머리 속의 지우개_수헌_싱글즈,수진_내 머리 속의 지우개,수헌_싱글즈,0.0,0.0,2.0,3.0,0.0,0.0,2.0,1.0,,,,,0.0,,,,,,1.0,0.5,1.0,0.0,1.0,0.0,0.6464466094067263,0.6464466094067263,0.6464466094067263,0.6464466094067263
주석_가족_정환_가족,주석_가족,정환_가족,0.0,3.0,2.0,0.0,0.0,1.0,2.0,0.0,,1.0,1.0,,0.0,,,,,,0.0,0.5,0.0,0.0,0.0,0.0,0.6464466094067263,0.6464466094067263,0.6464466094067263,0.6464466094067263
주석_가족_정은_가족,주석_가족,정은_가족,0.0,0.0,2.0,0.0,0.0,0.0,2.0,2.0,,1.0,1.0,,0.0,,,,,,1.0,0.75,1.0,0.0,1.0,1.0,0.8232233047033631,0.4696699141100894,0.8232233047033631,0.8232233047033631
주석_가족_나난_싱글즈,주석_가족,나난_싱글즈,0.0,2.0,2.0,1.0,0.0,1.0,2.0,2.0,,,0.0,,0.0,,,,,,0.0,0.0,0.0,0.0,0.0,1.0,1.0,1.0,1.0,0.2928932188134524
주석_가족_동미_싱글즈,주석_가족,동미_싱글즈,0.0,0.0,2.0,2.0,0.0,3.0,2.0,2.0,,,0.0,,0.0,,,,,,1.0,0.3333333333333333,1.0,1.0,0.0,1.0,0.5285954792089682,0.5285954792089682,0.7642977396044841,0.5285954792089682
주석_가족_정준_싱글즈,주석_가족,정준_싱글즈,0.0,3.0,2.0,2.0,0.0,1.0,2.0,0.0,,,0.0,,0.0,,,,,,0.0,0.0,0.0,1.0,0.0,0.0,1.0,0.2928932188134524,1.0,1.0
주석_가족_수헌_싱글즈,주석_가족,수헌_싱글즈,0.0,0.0,2.0,3.0,0.0,0.0,2.0,1.0,,,1.0,,0.0,,,,,,1.0,0.6666666666666666,1.0,0.0,1.0,0.0,0.7642977396044841,0.5285954792089683,0.7642977396044841,0.5285954792089683
정환_가족_정은_가족,정환_가족,정은_가족,3.0,0.0,0.0,0.0,1.0,0.0,0.0,2.0,,1.0,0.0,,0.0,,,,,,0.0,0.25,0.0,1.0,0.0,0.0,0.8232233047033631,0.4696699141100894,0.8232233047033631,0.8232233047033631
정환_가족_나난_싱글즈,정환_가족,나난_싱글즈,3.0,2.0,0.0,1.0,1.0,1.0,0.0,2.0,,,0.0,,0.0,,,,,,0.0,0.0,0.0,0.0,1.0,0.0,1.0,1.0,0.2928932188134524,1.0
정환_가족_동미_싱글즈,정환_가족,동미_싱글즈,3.0,0.0,0.0,2.0,1.0,3.0,0.0,2.0,,,0.0,,0.0,,,,,,0.0,0.0,0.0,0.0,0.0,0.0,1.0,1.0,1.0,1.0
정환_가족_정준_싱글즈,정환_가족,정준_싱글즈,3.0,3.0,0.0,2.0,1.0,1.0,0.0,0.0,,,0.0,,0.0,,,,,,1.0,0.3333333333333333,1.0,0.0,1.0,1.0,0.5285954792089682,0.7642977396044841,0.5285954792089682,0.5285954792089682
정환_가족_수헌_싱글즈,정환_가족,수헌_싱글즈,3.0,0.0,0.0,3.0,1.0,0.0,0.0,1.0,,,1.0,,0.0,,,,,,0.0,0.3333333333333333,0.0,0.0,0.0,0.0,0.7642977396044841,0.7642977396044841,0.7642977396044841,0.7642977396044841
정은_가족_나난_싱글즈,정은_가족,나난_싱글즈,0.0,2.0,0.0,1.0,0.0,1.0,2.0,2.0,,,0.0,,0.0,,,,,,0.0,0.0,0.0,0.0,0.0,1.0,1.0,1.0,1.0,0.2928932188134524
정은_가족_동미_싱글즈,정은_가족,동미_싱글즈,0.0,0.0,0.0,2.0,0.0,3.0,2.0,2.0,,,1.0,,0.0,,,,,,1.0,0.6666666666666666,1.0,0.0,0.0,1.0,0.7642977396044841,0.5285954792089683,0.5285954792089683,0.7642977396044841
정은_가족_정준_싱글즈,정은_가족,정준_싱글즈,0.0,3.0,0.0,2.0,0.0,1.0,2.0,0.0,,,0.0,,0.0,,,,,,0.0,0.0,0.0,0.0,0.0,0.0,1.0,1.0,1.0,1.0
정은_가족_수헌_싱글즈,정은_가족,수헌_싱글즈,0.0,0.0,0.0,3.0,0.0,0.0,2.0,1.0,,,0.0,,0.0,,,,,,1.0,0.3333333333333333,1.0,0.0,1.0,0.0,0.5285954792089682,0.7642977396044841,0.5285954792089682,0.7642977396044841
나난_싱글즈_동미_싱글즈,나난_싱글즈,동미_싱글즈,2.0,0.0,1.0,2.0,1.0,3.0,2.0,2.0,,,1.0,,0.0,,,,1.0,,0.0,0.5,0.0,0.0,0.0,1.0,0.6464466094067263,0.6464466094067263,0.6464466094067263,0.6464466094067263
나난_싱글즈_정준_싱글즈,나난_싱글즈,정준_싱글즈,2.0,3.0,1.0,2.0,1.0,1.0,2.0,0.0,,,0.0,,0.0,,,,1.0,,0.0,0.25,0.0,0.0,1.0,0.0,0.8232233047033631,0.8232233047033631,0.4696699141100894,0.8232233047033631
나난_싱글즈_수헌_싱글즈,나난_싱글즈,수헌_싱글즈,2.0,0.0,1.0,3.0,1.0,0.0,2.0,1.0,,,0.0,,0.0,,,,0.0,,0.0,0.0,0.0,0.0,0.0,0.0,1.0,1.0,1.0,1.0
동미_싱글즈_정준_싱글즈,동미_싱글즈,정준_싱글즈,0.0,3.0,2.0,2.0,3.0,1.0,2.0,0.0,,,1.0,,0.0,,,,1.0,,0.0,0.5,0.0,1.0,0.0,0.0,0.6464466094067263,0.6464466094067263,0.6464466094067263,0.6464466094067263
동미_싱글즈_수헌_싱글즈,동미_싱글즈,수헌_싱글즈,0.0,0.0,2.0,3.0,3.0,0.0,2.0,1.0,,,1.0,,0.0,,,,0.0,,1.0,0.5,1.0,0.0,0.0,0.0,0.6464466094067263,0.6464466094067263,0.6464466094067263,0.6464466094067263
정준_싱글즈_수헌_싱글즈,정준_싱글즈,수헌_싱글즈,3.0,0.0,2.0,3.0,1.0,0.0,0.0,1.0,,,1.0,,0.0,,,,1.0,,0.0,0.5,0.0,0.0,0.0,0.0,0.6464466094067263,0.6464466094067263,0.6464466094067263,0.6464466094067263
